index,feature1,feature2,feature3
0,6.720272800193968,-5.284802271786402,-0.45529002716033873
1,4.18124380547752,6.953105143510353,-0.3300529418205866
2,-4.376336323026898,-1.3068612405078548,-2.9511941136246165
3,-3.7696782327550045,0.2687228560218497,-1.7948780791701426
4,-2.7555020498895835,-0.6301644872379398,5.531415161775683
