index,feature4,feature5,feature6
0,3.541325908431656,-0.8804619428048058,-0.32623020178983503
1,1.2949511710622457,0.6585782570008701,0.6926906274907155
2,-1.6466962965070784,0.2108752198478594,2.36974684287563
3,-2.0611719512788684,-2.8140536895024026,-1.1503240281726435
4,-1.1284088317079553,2.8250621554584776,-1.5858832404038654
