index,hate,hatenor,neg,negnor,pos,posnor
0,1.0,0.3333333333333333,1.0,0.3333333333333333,0.0,0.0
1,0.0,0.0,0.0,0.0,0.0,0.0
2,0.0,0.0,0.0,0.0,1.0,0.2
3,0.0,0.0,0.0,0.0,1.0,0.2
4,0.0,0.0,0.0,0.0,1.0,0.2
