index,feature7,feature8,feature9
0,2.1213203435596406,2.5000000000000004,-2.7470433411345944e-16
1,2.121320343559643,-2.4999999999999987,2.1068574441925878e-17
2,-1.4142135623730974,9.88504797017849e-16,-0.07627274622112178
3,-1.4142135623730931,-2.0654123321994307e-15,-1.728396063936073
4,-1.414213562373094,-1.3784968815252795e-15,1.8046688101571937
