index,tfidf:flask,tfidf:good,tfidf:hate,tfidf:ide,tfidf:learn,tfidf:machin,tfidf:nigger,tfidf:react
0,0.0,0.0,0.7071067811865475,0.0,0.0,0.0,0.7071067811865475,0.0
1,0.0,0.0,0.0,0.0,0.7071067811865475,0.7071067811865475,0.0,0.0
2,0.830880748357988,0.5564505207186616,0.0,0.0,0.0,0.0,0.0,0.0
3,0.0,0.5564505207186616,0.0,0.0,0.0,0.0,0.0,0.830880748357988
4,0.0,0.5564505207186616,0.0,0.830880748357988,0.0,0.0,0.0,0.0
