index,feature10,feature11,feature12
0,-0.7550417423799143,1.8920667673684526,-0.7331407198374669
1,2.0375046116214097,0.25342896469926357,0.6869124525534123
2,-7.261305010564652e-17,-4.4663751820269555e-17,-2.364006959896865e-15
3,-1.2354247614908103,-0.6826958569947044,1.6416918180759852
4,-0.04703810775068504,-1.4627998750730113,-1.5954635507919392
