weighted_TFIDF_scores,hate,hatenor,neg,negnor,pos,posnor,feature4,feature5,feature6,feature1,feature2,feature3,feature10,feature11,feature12,feature7,feature8,feature9
0.0,0.0,0.0,0.0,0.0,0.0,0.0,-0.5410908569308139,-1.8408823498005205,-0.34405356957717004,-2.9465014114185633,-1.6383815571432467,4.238769708188285,-0.5457902336396185,-0.8379218465129133,1.3568266184292327e-16,-0.6924466735643896,-1.3615619477654846,1.6329931618554534
0.0,0.0,0.0,0.0,0.0,0.0,0.0,-0.31785322036775704,-1.3932124231306422,0.3974021569346198,-2.7037194526163204,-4.158532202525271,-3.172251205180804,-0.5457902336396188,-0.8379218465129135,-7.139576159237066e-17,-0.6924466735643909,-1.3615619477654863,-1.6329931618554514
0.0,0.0,0.0,0.0,0.0,0.0,0.0,-2.389824578374544,2.11856874497588,-0.020123553569409636,8.791980089199543,0.17944998165673284,0.047086606753106365,2.48965097546239,0.3673844766896177,3.2143450125276305e-17,3.1586320715177654,0.5969730061843084,-1.0976460585267756e-15
